intent,text
CHIT_CHAT,你好
CHIT_CHAT,你是谁呀
CHIT_CHAT,你能帮我做什么
CHIT_CHAT,你都会干什么
CHIT_CHAT,你有什么功能
CHIT_CHAT,谢谢啦
CHIT_CHAT,感谢帮忙
CHIT_CHAT,再见拜拜
CHIT_CHAT,在吗
CHIT_CHAT,无聊陪我聊聊天
TREND,近12个月每月产奶量趋势
TREND,最近30天产奶量走势
TREND,近3个月每月平均单产变化
TREND,每日产奶量趋势怎么看
TREND,今年各月泌乳牛数走势
TREND,上个月每日乳脂率变化
TREND,按月看产奶量的变化
TOP_N,产奶量Top10牧场
TOP_N,今年产奶量最高的前5个牧场
TOP_N,平均单产排名前10的牧场
TOP_N,产奶量最低的3个品种
TOP_N,上个月产奶量最多的牧场是哪家
TOP_N,单产最好的牧场排名
TOP_N,产奶量前五的牧场有哪些
RATIO,上个月各品种产奶量占比
RATIO,各地区产奶量份额
RATIO,泌乳牛数按牧场规模分布
RATIO,乳脂率按品种的构成
RATIO,各牧场产奶量占比分布
RATIO,品种结构占比
COMPARE,产奶量环比怎么样
COMPARE,上个月产奶量同比
COMPARE,近两个月产奶量环比对比
COMPARE,今年和去年产奶量同比
COMPARE,乳脂率环比变化
COMPARE,上月产奶量比前月多还是少
GROUP_STAT,各牧场产奶量
GROUP_STAT,每个品种的平均单产
GROUP_STAT,按地区统计泌乳牛数
GROUP_STAT,各泌乳阶段产奶量
GROUP_STAT,按胎次统计平均乳蛋白率
GROUP_STAT,分牧场看乳脂率
METRIC,总产奶量是多少
METRIC,上个月平均单产
METRIC,今年泌乳牛数有多少
METRIC,全年总产奶量是多少
METRIC,近一周平均乳脂率
METRIC,现在一共有多少头泌乳牛
TREND,2011年每月销售额趋势
TREND,近半年电商GMV走势
TOP_N,销售额Top10商品
TOP_N,销量最高的前5个商品
TOP_N,销售额最多的国家排名
RATIO,各国家销售额占比
RATIO,商品销量构成占比
COMPARE,本月销售额环比上月
COMPARE,今年与去年销售额同比
GROUP_STAT,各国家销售额
GROUP_STAT,每个商品的销量统计
METRIC,总销售额是多少
METRIC,上个月订单量有多少
METRIC,一共有多少客户
METRIC,平均客单价是多少
