id,cattle_code,breed,parity,barn,farm_id
1,F001-C0001,荷斯坦,1,牛舍C,1
2,F001-C0002,荷斯坦,3,牛舍F,1
3,F001-C0003,娟姗,1,牛舍D,1
4,F001-C0004,荷斯坦,1,牛舍E,1
5,F001-C0005,荷斯坦,1,牛舍F,1
6,F001-C0006,荷斯坦,1,牛舍E,1
7,F001-C0007,西门塔尔,1,牛舍B,1
8,F001-C0008,荷斯坦,2,牛舍B,1
9,F001-C0009,荷斯坦,1,牛舍A,1
10,F001-C0010,西门塔尔,3,牛舍A,1
11,F001-C0011,荷斯坦,1,牛舍D,1
12,F001-C0012,荷斯坦,4,牛舍E,1
13,F001-C0013,荷斯坦,1,牛舍A,1
14,F001-C0014,荷斯坦,3,牛舍A,1
15,F001-C0015,荷斯坦,1,牛舍C,1
16,F001-C0016,荷斯坦,2,牛舍C,1
17,F001-C0017,荷斯坦,2,牛舍F,1
18,F001-C0018,荷斯坦,3,牛舍E,1
19,F001-C0019,荷斯坦,2,牛舍C,1
20,F001-C0020,荷斯坦,1,牛舍C,1
21,F001-C0021,西门塔尔,1,牛舍A,1
22,F001-C0022,荷斯坦,2,牛舍B,1
23,F001-C0023,娟姗,2,牛舍F,1
24,F001-C0024,荷斯坦,4,牛舍D,1
25,F001-C0025,荷斯坦,1,牛舍E,1
26,F001-C0026,荷斯坦,3,牛舍E,1
27,F001-C0027,荷斯坦,4,牛舍B,1
28,F001-C0028,荷斯坦,3,牛舍A,1
29,F001-C0029,荷斯坦,3,牛舍D,1
30,F001-C0030,荷斯坦,2,牛舍D,1
31,F001-C0031,荷斯坦,2,牛舍A,1
32,F001-C0032,西门塔尔,3,牛舍E,1
33,F001-C0033,荷斯坦,3,牛舍A,1
34,F001-C0034,荷斯坦,2,牛舍F,1
35,F001-C0035,荷斯坦,2,牛舍B,1
36,F001-C0036,娟姗,4,牛舍C,1
37,F001-C0037,荷斯坦,3,牛舍B,1
38,F001-C0038,西门塔尔,2,牛舍E,1
39,F001-C0039,荷斯坦,2,牛舍A,1
40,F001-C0040,娟姗,4,牛舍C,1
41,F001-C0041,荷斯坦,4,牛舍A,1
42,F001-C0042,西门塔尔,4,牛舍E,1
43,F001-C0043,荷斯坦,3,牛舍E,1
44,F001-C0044,荷斯坦,4,牛舍D,1
45,F001-C0045,娟姗,3,牛舍F,1
46,F001-C0046,西门塔尔,2,牛舍F,1
47,F001-C0047,荷斯坦,4,牛舍D,1
48,F001-C0048,荷斯坦,1,牛舍A,1
49,F001-C0049,荷斯坦,3,牛舍A,1
50,F001-C0050,西门塔尔,1,牛舍A,1
51,F001-C0051,西门塔尔,1,牛舍B,1
52,F001-C0052,荷斯坦,1,牛舍B,1
53,F001-C0053,娟姗,3,牛舍D,1
54,F001-C0054,西门塔尔,4,牛舍B,1
55,F001-C0055,荷斯坦,2,牛舍D,1
56,F001-C0056,荷斯坦,3,牛舍F,1
57,F001-C0057,娟姗,1,牛舍D,1
58,F001-C0058,荷斯坦,4,牛舍B,1
59,F001-C0059,荷斯坦,2,牛舍D,1
60,F001-C0060,荷斯坦,1,牛舍A,1
61,F001-C0061,西门塔尔,4,牛舍A,1
62,F001-C0062,荷斯坦,2,牛舍A,1
63,F001-C0063,娟姗,4,牛舍B,1
64,F001-C0064,荷斯坦,1,牛舍D,1
65,F001-C0065,荷斯坦,1,牛舍D,1
66,F001-C0066,娟姗,3,牛舍C,1
67,F001-C0067,荷斯坦,3,牛舍E,1
68,F001-C0068,西门塔尔,1,牛舍C,1
69,F001-C0069,娟姗,3,牛舍E,1
70,F001-C0070,西门塔尔,1,牛舍E,1
71,F001-C0071,荷斯坦,4,牛舍B,1
72,F001-C0072,娟姗,1,牛舍B,1
73,F001-C0073,荷斯坦,3,牛舍B,1
74,F001-C0074,荷斯坦,4,牛舍B,1
75,F001-C0075,荷斯坦,3,牛舍D,1
76,F001-C0076,荷斯坦,2,牛舍C,1
77,F001-C0077,荷斯坦,2,牛舍C,1
78,F001-C0078,荷斯坦,3,牛舍D,1
79,F001-C0079,娟姗,4,牛舍A,1
80,F001-C0080,荷斯坦,3,牛舍A,1
81,F001-C0081,荷斯坦,2,牛舍B,1
82,F001-C0082,娟姗,4,牛舍C,1
83,F001-C0083,荷斯坦,4,牛舍F,1
84,F001-C0084,荷斯坦,4,牛舍F,1
85,F001-C0085,荷斯坦,4,牛舍C,1
86,F001-C0086,荷斯坦,4,牛舍C,1
87,F001-C0087,娟姗,3,牛舍B,1
88,F001-C0088,荷斯坦,1,牛舍C,1
89,F001-C0089,荷斯坦,4,牛舍E,1
90,F001-C0090,荷斯坦,4,牛舍A,1
91,F001-C0091,荷斯坦,4,牛舍A,1
92,F001-C0092,荷斯坦,1,牛舍C,1
93,F001-C0093,西门塔尔,2,牛舍D,1
94,F001-C0094,荷斯坦,1,牛舍F,1
95,F001-C0095,荷斯坦,4,牛舍E,1
96,F001-C0096,荷斯坦,1,牛舍C,1
97,F001-C0097,娟姗,3,牛舍A,1
98,F001-C0098,荷斯坦,1,牛舍A,1
99,F001-C0099,西门塔尔,4,牛舍D,1
100,F001-C0100,西门塔尔,4,牛舍B,1
101,F001-C0101,荷斯坦,3,牛舍B,1
102,F001-C0102,荷斯坦,3,牛舍C,1
103,F001-C0103,娟姗,4,牛舍F,1
104,F001-C0104,荷斯坦,1,牛舍F,1
105,F001-C0105,荷斯坦,1,牛舍D,1
106,F001-C0106,荷斯坦,4,牛舍C,1
107,F001-C0107,西门塔尔,4,牛舍B,1
108,F001-C0108,荷斯坦,2,牛舍C,1
109,F001-C0109,荷斯坦,3,牛舍C,1
110,F001-C0110,荷斯坦,3,牛舍E,1
111,F001-C0111,娟姗,1,牛舍C,1
112,F001-C0112,荷斯坦,4,牛舍A,1
113,F001-C0113,荷斯坦,2,牛舍C,1
114,F001-C0114,荷斯坦,2,牛舍D,1
115,F001-C0115,荷斯坦,1,牛舍D,1
116,F001-C0116,荷斯坦,4,牛舍F,1
117,F001-C0117,娟姗,3,牛舍B,1
118,F001-C0118,荷斯坦,4,牛舍C,1
119,F001-C0119,荷斯坦,4,牛舍F,1
120,F001-C0120,荷斯坦,3,牛舍C,1
121,F001-C0121,荷斯坦,2,牛舍B,1
122,F001-C0122,荷斯坦,2,牛舍F,1
123,F001-C0123,荷斯坦,2,牛舍E,1
124,F001-C0124,荷斯坦,2,牛舍D,1
125,F001-C0125,荷斯坦,3,牛舍D,1
126,F001-C0126,荷斯坦,1,牛舍D,1
127,F001-C0127,娟姗,3,牛舍B,1
128,F001-C0128,荷斯坦,2,牛舍F,1
129,F001-C0129,荷斯坦,4,牛舍B,1
130,F001-C0130,荷斯坦,4,牛舍B,1
131,F001-C0131,荷斯坦,4,牛舍E,1
132,F001-C0132,西门塔尔,2,牛舍F,1
133,F001-C0133,荷斯坦,3,牛舍D,1
134,F001-C0134,荷斯坦,3,牛舍A,1
135,F001-C0135,娟姗,4,牛舍D,1
136,F001-C0136,荷斯坦,4,牛舍E,1
137,F001-C0137,荷斯坦,1,牛舍A,1
138,F001-C0138,荷斯坦,2,牛舍E,1
139,F001-C0139,荷斯坦,4,牛舍D,1
140,F001-C0140,西门塔尔,4,牛舍D,1
141,F001-C0141,娟姗,2,牛舍B,1
142,F001-C0142,娟姗,2,牛舍B,1
143,F001-C0143,荷斯坦,3,牛舍E,1
144,F001-C0144,荷斯坦,2,牛舍A,1
145,F001-C0145,荷斯坦,2,牛舍C,1
146,F001-C0146,荷斯坦,1,牛舍D,1
147,F001-C0147,荷斯坦,1,牛舍D,1
148,F001-C0148,荷斯坦,2,牛舍A,1
149,F001-C0149,西门塔尔,2,牛舍E,1
150,F001-C0150,荷斯坦,4,牛舍E,1
151,F001-C0151,荷斯坦,4,牛舍C,1
152,F001-C0152,荷斯坦,4,牛舍D,1
153,F001-C0153,西门塔尔,2,牛舍E,1
154,F001-C0154,荷斯坦,2,牛舍D,1
155,F001-C0155,荷斯坦,3,牛舍D,1
156,F001-C0156,荷斯坦,2,牛舍B,1
157,F001-C0157,荷斯坦,4,牛舍E,1
158,F001-C0158,荷斯坦,1,牛舍D,1
159,F001-C0159,娟姗,1,牛舍C,1
160,F001-C0160,荷斯坦,2,牛舍C,1
161,F001-C0161,娟姗,2,牛舍D,1
162,F001-C0162,西门塔尔,2,牛舍F,1
163,F001-C0163,荷斯坦,4,牛舍B,1
164,F001-C0164,荷斯坦,4,牛舍A,1
165,F001-C0165,荷斯坦,1,牛舍A,1
166,F001-C0166,荷斯坦,1,牛舍F,1
167,F001-C0167,荷斯坦,1,牛舍F,1
168,F001-C0168,西门塔尔,1,牛舍E,1
169,F001-C0169,西门塔尔,3,牛舍B,1
170,F001-C0170,荷斯坦,1,牛舍C,1
171,F001-C0171,荷斯坦,4,牛舍D,1
172,F001-C0172,荷斯坦,3,牛舍F,1
173,F001-C0173,荷斯坦,3,牛舍F,1
174,F001-C0174,西门塔尔,3,牛舍E,1
175,F001-C0175,荷斯坦,2,牛舍F,1
176,F001-C0176,荷斯坦,3,牛舍A,1
177,F001-C0177,荷斯坦,2,牛舍D,1
178,F001-C0178,荷斯坦,4,牛舍F,1
179,F001-C0179,荷斯坦,3,牛舍F,1
180,F001-C0180,荷斯坦,4,牛舍D,1
181,F001-C0181,荷斯坦,3,牛舍C,1
182,F001-C0182,西门塔尔,4,牛舍A,1
183,F001-C0183,娟姗,1,牛舍D,1
184,F001-C0184,荷斯坦,2,牛舍A,1
185,F001-C0185,西门塔尔,1,牛舍B,1
186,F001-C0186,西门塔尔,2,牛舍E,1
187,F001-C0187,娟姗,2,牛舍E,1
188,F001-C0188,荷斯坦,3,牛舍D,1
189,F001-C0189,西门塔尔,3,牛舍F,1
190,F001-C0190,荷斯坦,3,牛舍A,1
191,F001-C0191,荷斯坦,3,牛舍C,1
192,F001-C0192,荷斯坦,2,牛舍E,1
193,F001-C0193,荷斯坦,3,牛舍C,1
194,F001-C0194,西门塔尔,2,牛舍C,1
195,F001-C0195,荷斯坦,1,牛舍A,1
196,F001-C0196,荷斯坦,3,牛舍B,1
197,F001-C0197,荷斯坦,2,牛舍F,1
198,F001-C0198,娟姗,2,牛舍C,1
199,F001-C0199,西门塔尔,2,牛舍C,1
200,F001-C0200,荷斯坦,3,牛舍B,1
201,F001-C0201,荷斯坦,1,牛舍C,1
202,F001-C0202,娟姗,3,牛舍D,1
203,F001-C0203,娟姗,3,牛舍D,1
204,F001-C0204,荷斯坦,1,牛舍A,1
205,F001-C0205,娟姗,2,牛舍A,1
206,F001-C0206,荷斯坦,3,牛舍F,1
207,F001-C0207,荷斯坦,4,牛舍C,1
208,F001-C0208,娟姗,1,牛舍D,1
209,F001-C0209,荷斯坦,3,牛舍E,1
210,F001-C0210,荷斯坦,2,牛舍E,1
211,F001-C0211,荷斯坦,3,牛舍E,1
212,F001-C0212,荷斯坦,3,牛舍F,1
213,F001-C0213,荷斯坦,1,牛舍B,1
214,F001-C0214,荷斯坦,1,牛舍D,1
215,F001-C0215,荷斯坦,2,牛舍A,1
216,F001-C0216,荷斯坦,2,牛舍D,1
217,F001-C0217,荷斯坦,4,牛舍F,1
218,F001-C0218,荷斯坦,4,牛舍D,1
219,F001-C0219,荷斯坦,3,牛舍C,1
220,F001-C0220,荷斯坦,1,牛舍C,1
221,F001-C0221,西门塔尔,3,牛舍C,1
222,F001-C0222,荷斯坦,3,牛舍F,1
223,F001-C0223,娟姗,2,牛舍D,1
224,F001-C0224,荷斯坦,1,牛舍D,1
225,F001-C0225,荷斯坦,1,牛舍A,1
226,F001-C0226,娟姗,4,牛舍E,1
227,F001-C0227,娟姗,4,牛舍F,1
228,F001-C0228,荷斯坦,1,牛舍B,1
229,F001-C0229,荷斯坦,2,牛舍C,1
230,F001-C0230,娟姗,2,牛舍D,1
231,F001-C0231,荷斯坦,2,牛舍C,1
232,F001-C0232,荷斯坦,1,牛舍D,1
233,F001-C0233,荷斯坦,3,牛舍D,1
234,F001-C0234,西门塔尔,1,牛舍A,1
235,F001-C0235,荷斯坦,1,牛舍D,1
236,F001-C0236,荷斯坦,4,牛舍F,1
237,F001-C0237,荷斯坦,2,牛舍B,1
238,F001-C0238,荷斯坦,3,牛舍F,1
239,F001-C0239,西门塔尔,1,牛舍E,1
240,F001-C0240,娟姗,2,牛舍F,1
241,F001-C0241,荷斯坦,4,牛舍E,1
242,F001-C0242,荷斯坦,1,牛舍E,1
243,F001-C0243,荷斯坦,1,牛舍A,1
244,F001-C0244,娟姗,3,牛舍B,1
245,F001-C0245,娟姗,2,牛舍F,1
246,F001-C0246,荷斯坦,2,牛舍D,1
247,F001-C0247,荷斯坦,1,牛舍B,1
248,F001-C0248,荷斯坦,4,牛舍A,1
249,F001-C0249,西门塔尔,4,牛舍C,1
250,F001-C0250,荷斯坦,4,牛舍C,1
251,F001-C0251,荷斯坦,3,牛舍F,1
252,F001-C0252,娟姗,2,牛舍D,1
253,F001-C0253,荷斯坦,3,牛舍D,1
254,F001-C0254,娟姗,4,牛舍F,1
255,F001-C0255,荷斯坦,1,牛舍D,1
256,F001-C0256,荷斯坦,2,牛舍D,1
257,F001-C0257,娟姗,3,牛舍F,1
258,F001-C0258,荷斯坦,1,牛舍E,1
259,F001-C0259,荷斯坦,1,牛舍D,1
260,F001-C0260,荷斯坦,2,牛舍F,1
261,F001-C0261,荷斯坦,3,牛舍B,1
262,F001-C0262,荷斯坦,4,牛舍C,1
263,F001-C0263,荷斯坦,3,牛舍C,1
264,F001-C0264,荷斯坦,2,牛舍C,1
265,F001-C0265,西门塔尔,3,牛舍E,1
266,F001-C0266,荷斯坦,1,牛舍F,1
267,F001-C0267,娟姗,3,牛舍D,1
268,F001-C0268,西门塔尔,3,牛舍A,1
269,F001-C0269,荷斯坦,2,牛舍A,1
270,F001-C0270,荷斯坦,1,牛舍C,1
271,F001-C0271,荷斯坦,1,牛舍D,1
272,F001-C0272,荷斯坦,1,牛舍B,1
273,F001-C0273,荷斯坦,2,牛舍F,1
274,F001-C0274,荷斯坦,3,牛舍B,1
275,F001-C0275,荷斯坦,2,牛舍F,1
276,F001-C0276,娟姗,2,牛舍C,1
277,F001-C0277,荷斯坦,1,牛舍C,1
278,F001-C0278,荷斯坦,4,牛舍F,1
279,F001-C0279,荷斯坦,2,牛舍D,1
280,F001-C0280,荷斯坦,1,牛舍E,1
281,F002-C0001,荷斯坦,4,牛舍C,2
282,F002-C0002,娟姗,3,牛舍C,2
283,F002-C0003,荷斯坦,3,牛舍F,2
284,F002-C0004,娟姗,3,牛舍C,2
285,F002-C0005,西门塔尔,3,牛舍C,2
286,F002-C0006,荷斯坦,3,牛舍F,2
287,F002-C0007,西门塔尔,3,牛舍B,2
288,F002-C0008,荷斯坦,3,牛舍A,2
289,F002-C0009,西门塔尔,1,牛舍C,2
290,F002-C0010,荷斯坦,4,牛舍C,2
291,F002-C0011,荷斯坦,1,牛舍E,2
292,F002-C0012,荷斯坦,4,牛舍B,2
293,F002-C0013,娟姗,4,牛舍C,2
294,F002-C0014,娟姗,4,牛舍D,2
295,F002-C0015,荷斯坦,4,牛舍F,2
296,F002-C0016,荷斯坦,2,牛舍E,2
297,F002-C0017,荷斯坦,2,牛舍C,2
298,F002-C0018,荷斯坦,2,牛舍F,2
299,F002-C0019,荷斯坦,2,牛舍F,2
300,F002-C0020,荷斯坦,1,牛舍A,2
301,F002-C0021,娟姗,3,牛舍E,2
302,F002-C0022,荷斯坦,3,牛舍D,2
303,F002-C0023,荷斯坦,2,牛舍B,2
304,F002-C0024,娟姗,2,牛舍D,2
305,F002-C0025,荷斯坦,4,牛舍B,2
306,F002-C0026,荷斯坦,3,牛舍F,2
307,F002-C0027,娟姗,2,牛舍F,2
308,F002-C0028,荷斯坦,2,牛舍A,2
309,F002-C0029,荷斯坦,2,牛舍C,2
310,F002-C0030,荷斯坦,1,牛舍D,2
311,F002-C0031,西门塔尔,1,牛舍F,2
312,F002-C0032,荷斯坦,4,牛舍C,2
313,F002-C0033,荷斯坦,1,牛舍A,2
314,F002-C0034,西门塔尔,1,牛舍B,2
315,F002-C0035,荷斯坦,4,牛舍A,2
316,F002-C0036,荷斯坦,4,牛舍E,2
317,F002-C0037,荷斯坦,3,牛舍B,2
318,F002-C0038,荷斯坦,4,牛舍C,2
319,F002-C0039,荷斯坦,4,牛舍A,2
320,F002-C0040,西门塔尔,1,牛舍B,2
321,F002-C0041,荷斯坦,1,牛舍F,2
322,F002-C0042,荷斯坦,1,牛舍B,2
323,F002-C0043,荷斯坦,1,牛舍A,2
324,F002-C0044,西门塔尔,2,牛舍F,2
325,F002-C0045,荷斯坦,3,牛舍E,2
326,F002-C0046,荷斯坦,2,牛舍E,2
327,F002-C0047,西门塔尔,4,牛舍F,2
328,F002-C0048,荷斯坦,3,牛舍A,2
329,F002-C0049,娟姗,4,牛舍D,2
330,F002-C0050,荷斯坦,3,牛舍D,2
331,F002-C0051,娟姗,2,牛舍B,2
332,F002-C0052,荷斯坦,3,牛舍E,2
333,F002-C0053,西门塔尔,2,牛舍E,2
334,F002-C0054,荷斯坦,2,牛舍D,2
335,F002-C0055,西门塔尔,1,牛舍F,2
336,F002-C0056,娟姗,2,牛舍B,2
337,F002-C0057,荷斯坦,1,牛舍C,2
338,F002-C0058,荷斯坦,2,牛舍A,2
339,F002-C0059,荷斯坦,3,牛舍C,2
340,F002-C0060,荷斯坦,2,牛舍A,2
341,F002-C0061,荷斯坦,2,牛舍F,2
342,F002-C0062,荷斯坦,1,牛舍A,2
343,F002-C0063,娟姗,3,牛舍F,2
344,F002-C0064,荷斯坦,4,牛舍D,2
345,F002-C0065,娟姗,1,牛舍C,2
346,F002-C0066,荷斯坦,1,牛舍E,2
347,F002-C0067,荷斯坦,2,牛舍A,2
348,F002-C0068,西门塔尔,2,牛舍C,2
349,F002-C0069,荷斯坦,2,牛舍E,2
350,F002-C0070,西门塔尔,3,牛舍F,2
351,F002-C0071,荷斯坦,4,牛舍F,2
352,F002-C0072,荷斯坦,2,牛舍C,2
353,F002-C0073,荷斯坦,1,牛舍B,2
354,F002-C0074,荷斯坦,1,牛舍F,2
355,F002-C0075,娟姗,1,牛舍E,2
356,F002-C0076,荷斯坦,2,牛舍B,2
357,F002-C0077,荷斯坦,2,牛舍E,2
358,F002-C0078,荷斯坦,1,牛舍B,2
359,F002-C0079,荷斯坦,3,牛舍C,2
360,F002-C0080,荷斯坦,2,牛舍D,2
361,F002-C0081,荷斯坦,3,牛舍A,2
362,F002-C0082,荷斯坦,2,牛舍F,2
363,F002-C0083,荷斯坦,3,牛舍A,2
364,F002-C0084,荷斯坦,3,牛舍A,2
365,F002-C0085,荷斯坦,1,牛舍B,2
366,F002-C0086,荷斯坦,2,牛舍A,2
367,F002-C0087,西门塔尔,1,牛舍D,2
368,F002-C0088,西门塔尔,2,牛舍F,2
369,F002-C0089,荷斯坦,2,牛舍F,2
370,F002-C0090,荷斯坦,2,牛舍A,2
371,F002-C0091,荷斯坦,2,牛舍D,2
372,F002-C0092,荷斯坦,2,牛舍D,2
373,F002-C0093,娟姗,1,牛舍E,2
374,F002-C0094,西门塔尔,4,牛舍A,2
375,F002-C0095,西门塔尔,1,牛舍E,2
376,F002-C0096,荷斯坦,2,牛舍C,2
377,F002-C0097,荷斯坦,2,牛舍B,2
378,F002-C0098,荷斯坦,1,牛舍E,2
379,F002-C0099,娟姗,2,牛舍F,2
380,F002-C0100,荷斯坦,1,牛舍A,2
381,F002-C0101,荷斯坦,1,牛舍B,2
382,F002-C0102,西门塔尔,1,牛舍F,2
383,F002-C0103,荷斯坦,3,牛舍E,2
384,F002-C0104,荷斯坦,4,牛舍F,2
385,F002-C0105,娟姗,2,牛舍F,2
386,F002-C0106,荷斯坦,1,牛舍D,2
387,F002-C0107,荷斯坦,2,牛舍A,2
388,F002-C0108,荷斯坦,2,牛舍D,2
389,F002-C0109,荷斯坦,4,牛舍A,2
390,F002-C0110,娟姗,4,牛舍E,2
391,F002-C0111,荷斯坦,2,牛舍E,2
392,F002-C0112,西门塔尔,1,牛舍E,2
393,F002-C0113,荷斯坦,3,牛舍E,2
394,F002-C0114,娟姗,2,牛舍C,2
395,F002-C0115,荷斯坦,3,牛舍A,2
396,F002-C0116,西门塔尔,4,牛舍E,2
397,F002-C0117,荷斯坦,2,牛舍C,2
398,F002-C0118,荷斯坦,2,牛舍E,2
399,F002-C0119,西门塔尔,3,牛舍A,2
400,F002-C0120,荷斯坦,3,牛舍C,2
401,F002-C0121,西门塔尔,3,牛舍E,2
402,F002-C0122,荷斯坦,1,牛舍F,2
403,F002-C0123,娟姗,2,牛舍F,2
404,F002-C0124,荷斯坦,1,牛舍F,2
405,F002-C0125,荷斯坦,2,牛舍C,2
406,F002-C0126,荷斯坦,3,牛舍F,2
407,F002-C0127,娟姗,1,牛舍F,2
408,F002-C0128,荷斯坦,1,牛舍C,2
409,F002-C0129,娟姗,2,牛舍D,2
410,F002-C0130,荷斯坦,1,牛舍A,2
411,F002-C0131,西门塔尔,1,牛舍E,2
412,F002-C0132,西门塔尔,2,牛舍F,2
413,F002-C0133,娟姗,3,牛舍E,2
414,F002-C0134,荷斯坦,1,牛舍F,2
415,F002-C0135,荷斯坦,4,牛舍F,2
416,F002-C0136,荷斯坦,2,牛舍F,2
417,F002-C0137,娟姗,3,牛舍F,2
418,F002-C0138,荷斯坦,2,牛舍C,2
419,F002-C0139,西门塔尔,4,牛舍B,2
420,F002-C0140,荷斯坦,3,牛舍D,2
421,F002-C0141,西门塔尔,3,牛舍E,2
422,F002-C0142,荷斯坦,1,牛舍B,2
423,F002-C0143,荷斯坦,4,牛舍A,2
424,F002-C0144,荷斯坦,2,牛舍A,2
425,F002-C0145,西门塔尔,4,牛舍C,2
426,F002-C0146,西门塔尔,2,牛舍E,2
427,F002-C0147,西门塔尔,1,牛舍B,2
428,F002-C0148,荷斯坦,2,牛舍A,2
429,F002-C0149,荷斯坦,2,牛舍B,2
430,F002-C0150,娟姗,2,牛舍A,2
431,F002-C0151,娟姗,4,牛舍F,2
432,F002-C0152,西门塔尔,1,牛舍C,2
433,F002-C0153,荷斯坦,4,牛舍F,2
434,F002-C0154,荷斯坦,1,牛舍A,2
435,F002-C0155,荷斯坦,4,牛舍E,2
436,F002-C0156,荷斯坦,2,牛舍C,2
437,F002-C0157,荷斯坦,1,牛舍D,2
438,F002-C0158,西门塔尔,2,牛舍A,2
439,F002-C0159,娟姗,3,牛舍A,2
440,F002-C0160,荷斯坦,1,牛舍B,2
441,F002-C0161,荷斯坦,3,牛舍B,2
442,F002-C0162,荷斯坦,3,牛舍A,2
443,F002-C0163,娟姗,1,牛舍E,2
444,F002-C0164,荷斯坦,4,牛舍E,2
445,F002-C0165,荷斯坦,2,牛舍F,2
446,F002-C0166,娟姗,1,牛舍A,2
447,F002-C0167,西门塔尔,2,牛舍F,2
448,F002-C0168,荷斯坦,3,牛舍F,2
449,F002-C0169,荷斯坦,1,牛舍E,2
450,F002-C0170,西门塔尔,1,牛舍F,2
451,F002-C0171,娟姗,2,牛舍B,2
452,F002-C0172,荷斯坦,3,牛舍D,2
453,F002-C0173,荷斯坦,1,牛舍B,2
454,F002-C0174,荷斯坦,2,牛舍D,2
455,F002-C0175,荷斯坦,1,牛舍F,2
456,F002-C0176,荷斯坦,4,牛舍A,2
457,F002-C0177,荷斯坦,2,牛舍C,2
458,F002-C0178,娟姗,3,牛舍D,2
459,F002-C0179,娟姗,2,牛舍D,2
460,F002-C0180,娟姗,2,牛舍A,2
461,F002-C0181,荷斯坦,2,牛舍B,2
462,F002-C0182,荷斯坦,1,牛舍C,2
463,F002-C0183,荷斯坦,2,牛舍F,2
464,F002-C0184,荷斯坦,2,牛舍D,2
465,F002-C0185,西门塔尔,4,牛舍E,2
466,F002-C0186,荷斯坦,4,牛舍A,2
467,F002-C0187,荷斯坦,2,牛舍E,2
468,F002-C0188,西门塔尔,1,牛舍A,2
469,F002-C0189,西门塔尔,3,牛舍D,2
470,F002-C0190,荷斯坦,1,牛舍F,2
471,F002-C0191,荷斯坦,4,牛舍A,2
472,F002-C0192,荷斯坦,2,牛舍C,2
473,F002-C0193,荷斯坦,1,牛舍B,2
474,F002-C0194,荷斯坦,2,牛舍C,2
475,F002-C0195,娟姗,1,牛舍B,2
476,F002-C0196,荷斯坦,4,牛舍A,2
477,F002-C0197,西门塔尔,3,牛舍B,2
478,F002-C0198,荷斯坦,4,牛舍D,2
479,F002-C0199,荷斯坦,4,牛舍D,2
480,F002-C0200,娟姗,2,牛舍A,2
481,F002-C0201,荷斯坦,4,牛舍C,2
482,F002-C0202,荷斯坦,1,牛舍E,2
483,F002-C0203,娟姗,4,牛舍F,2
484,F002-C0204,娟姗,3,牛舍C,2
485,F002-C0205,荷斯坦,4,牛舍B,2
486,F002-C0206,西门塔尔,1,牛舍E,2
487,F002-C0207,荷斯坦,4,牛舍E,2
488,F002-C0208,荷斯坦,1,牛舍C,2
489,F002-C0209,娟姗,3,牛舍E,2
490,F002-C0210,西门塔尔,4,牛舍A,2
491,F002-C0211,娟姗,3,牛舍D,2
492,F002-C0212,荷斯坦,2,牛舍E,2
493,F002-C0213,荷斯坦,3,牛舍B,2
494,F002-C0214,荷斯坦,4,牛舍A,2
495,F002-C0215,荷斯坦,1,牛舍C,2
496,F002-C0216,荷斯坦,4,牛舍E,2
497,F002-C0217,西门塔尔,1,牛舍F,2
498,F002-C0218,荷斯坦,3,牛舍E,2
499,F002-C0219,荷斯坦,3,牛舍E,2
500,F002-C0220,荷斯坦,3,牛舍F,2
501,F002-C0221,荷斯坦,4,牛舍A,2
502,F002-C0222,娟姗,1,牛舍F,2
503,F002-C0223,荷斯坦,3,牛舍E,2
504,F002-C0224,荷斯坦,1,牛舍F,2
505,F002-C0225,荷斯坦,4,牛舍D,2
506,F002-C0226,西门塔尔,3,牛舍C,2
507,F002-C0227,荷斯坦,1,牛舍D,2
508,F002-C0228,荷斯坦,1,牛舍E,2
509,F002-C0229,荷斯坦,3,牛舍F,2
510,F002-C0230,荷斯坦,2,牛舍C,2
511,F002-C0231,荷斯坦,2,牛舍D,2
512,F002-C0232,荷斯坦,1,牛舍A,2
513,F002-C0233,荷斯坦,2,牛舍E,2
514,F002-C0234,荷斯坦,4,牛舍B,2
515,F002-C0235,荷斯坦,3,牛舍C,2
516,F002-C0236,西门塔尔,2,牛舍E,2
517,F002-C0237,荷斯坦,2,牛舍A,2
518,F002-C0238,娟姗,2,牛舍B,2
519,F002-C0239,荷斯坦,1,牛舍C,2
520,F002-C0240,荷斯坦,4,牛舍F,2
521,F002-C0241,荷斯坦,1,牛舍A,2
522,F002-C0242,荷斯坦,2,牛舍C,2
523,F002-C0243,荷斯坦,1,牛舍A,2
524,F002-C0244,荷斯坦,2,牛舍C,2
525,F002-C0245,荷斯坦,2,牛舍E,2
526,F002-C0246,西门塔尔,3,牛舍E,2
527,F002-C0247,荷斯坦,1,牛舍C,2
528,F002-C0248,娟姗,2,牛舍C,2
529,F002-C0249,荷斯坦,3,牛舍D,2
530,F002-C0250,荷斯坦,1,牛舍F,2
531,F002-C0251,西门塔尔,2,牛舍B,2
532,F002-C0252,娟姗,1,牛舍E,2
533,F002-C0253,荷斯坦,4,牛舍F,2
534,F002-C0254,荷斯坦,2,牛舍E,2
535,F002-C0255,荷斯坦,3,牛舍D,2
536,F002-C0256,荷斯坦,2,牛舍A,2
537,F002-C0257,荷斯坦,3,牛舍F,2
538,F002-C0258,荷斯坦,1,牛舍D,2
539,F002-C0259,娟姗,3,牛舍E,2
540,F002-C0260,荷斯坦,1,牛舍D,2
541,F003-C0001,荷斯坦,3,牛舍D,3
542,F003-C0002,西门塔尔,1,牛舍E,3
543,F003-C0003,荷斯坦,1,牛舍C,3
544,F003-C0004,荷斯坦,3,牛舍D,3
545,F003-C0005,西门塔尔,4,牛舍F,3
546,F003-C0006,荷斯坦,1,牛舍B,3
547,F003-C0007,荷斯坦,3,牛舍E,3
548,F003-C0008,荷斯坦,1,牛舍E,3
549,F003-C0009,荷斯坦,3,牛舍F,3
550,F003-C0010,荷斯坦,3,牛舍E,3
551,F003-C0011,荷斯坦,1,牛舍E,3
552,F003-C0012,荷斯坦,4,牛舍C,3
553,F003-C0013,荷斯坦,1,牛舍F,3
554,F003-C0014,荷斯坦,2,牛舍F,3
555,F003-C0015,荷斯坦,3,牛舍E,3
556,F003-C0016,娟姗,2,牛舍C,3
557,F003-C0017,西门塔尔,2,牛舍C,3
558,F003-C0018,荷斯坦,4,牛舍F,3
559,F003-C0019,西门塔尔,1,牛舍E,3
560,F003-C0020,娟姗,3,牛舍B,3
561,F003-C0021,荷斯坦,3,牛舍B,3
562,F003-C0022,荷斯坦,2,牛舍F,3
563,F003-C0023,荷斯坦,2,牛舍F,3
564,F003-C0024,荷斯坦,3,牛舍A,3
565,F003-C0025,娟姗,1,牛舍F,3
566,F003-C0026,荷斯坦,1,牛舍C,3
567,F003-C0027,荷斯坦,1,牛舍A,3
568,F003-C0028,荷斯坦,2,牛舍F,3
569,F003-C0029,娟姗,4,牛舍B,3
570,F003-C0030,娟姗,1,牛舍A,3
571,F003-C0031,荷斯坦,2,牛舍F,3
572,F003-C0032,娟姗,4,牛舍A,3
573,F003-C0033,荷斯坦,1,牛舍C,3
574,F003-C0034,荷斯坦,3,牛舍E,3
575,F003-C0035,娟姗,1,牛舍E,3
576,F003-C0036,荷斯坦,4,牛舍C,3
577,F003-C0037,西门塔尔,3,牛舍F,3
578,F003-C0038,荷斯坦,2,牛舍C,3
579,F003-C0039,荷斯坦,1,牛舍E,3
580,F003-C0040,荷斯坦,2,牛舍D,3
581,F003-C0041,荷斯坦,2,牛舍A,3
582,F003-C0042,娟姗,2,牛舍B,3
583,F003-C0043,荷斯坦,1,牛舍C,3
584,F003-C0044,荷斯坦,3,牛舍A,3
585,F003-C0045,荷斯坦,3,牛舍A,3
586,F003-C0046,荷斯坦,2,牛舍D,3
587,F003-C0047,荷斯坦,4,牛舍F,3
588,F003-C0048,荷斯坦,1,牛舍C,3
589,F003-C0049,荷斯坦,1,牛舍B,3
590,F003-C0050,荷斯坦,3,牛舍E,3
591,F003-C0051,荷斯坦,2,牛舍D,3
592,F003-C0052,荷斯坦,3,牛舍B,3
593,F003-C0053,荷斯坦,3,牛舍A,3
594,F003-C0054,荷斯坦,3,牛舍A,3
595,F003-C0055,荷斯坦,4,牛舍E,3
596,F003-C0056,荷斯坦,1,牛舍C,3
597,F003-C0057,荷斯坦,1,牛舍B,3
598,F003-C0058,荷斯坦,1,牛舍E,3
599,F003-C0059,西门塔尔,2,牛舍E,3
600,F003-C0060,荷斯坦,1,牛舍D,3
601,F003-C0061,西门塔尔,3,牛舍D,3
602,F003-C0062,西门塔尔,3,牛舍E,3
603,F003-C0063,荷斯坦,2,牛舍A,3
604,F003-C0064,娟姗,4,牛舍A,3
605,F003-C0065,荷斯坦,2,牛舍B,3
606,F003-C0066,荷斯坦,3,牛舍D,3
607,F003-C0067,娟姗,2,牛舍D,3
608,F003-C0068,荷斯坦,4,牛舍E,3
609,F003-C0069,荷斯坦,2,牛舍B,3
610,F003-C0070,荷斯坦,1,牛舍B,3
611,F003-C0071,荷斯坦,1,牛舍C,3
612,F003-C0072,荷斯坦,2,牛舍E,3
613,F003-C0073,西门塔尔,1,牛舍C,3
614,F003-C0074,荷斯坦,4,牛舍F,3
615,F003-C0075,荷斯坦,4,牛舍D,3
616,F003-C0076,西门塔尔,4,牛舍A,3
617,F003-C0077,荷斯坦,1,牛舍A,3
618,F003-C0078,荷斯坦,3,牛舍A,3
619,F003-C0079,西门塔尔,2,牛舍B,3
620,F003-C0080,荷斯坦,4,牛舍A,3
621,F003-C0081,荷斯坦,2,牛舍F,3
622,F003-C0082,荷斯坦,3,牛舍F,3
623,F003-C0083,荷斯坦,2,牛舍B,3
624,F003-C0084,荷斯坦,2,牛舍C,3
625,F003-C0085,荷斯坦,3,牛舍F,3
626,F003-C0086,荷斯坦,2,牛舍D,3
627,F003-C0087,娟姗,4,牛舍F,3
628,F003-C0088,西门塔尔,2,牛舍D,3
629,F003-C0089,荷斯坦,2,牛舍E,3
630,F003-C0090,荷斯坦,1,牛舍F,3
631,F003-C0091,西门塔尔,4,牛舍E,3
632,F003-C0092,娟姗,2,牛舍B,3
633,F003-C0093,荷斯坦,1,牛舍F,3
634,F003-C0094,娟姗,4,牛舍A,3
635,F003-C0095,西门塔尔,1,牛舍C,3
636,F003-C0096,荷斯坦,3,牛舍A,3
637,F003-C0097,西门塔尔,3,牛舍F,3
638,F003-C0098,荷斯坦,1,牛舍C,3
639,F003-C0099,娟姗,1,牛舍B,3
640,F003-C0100,荷斯坦,4,牛舍D,3
641,F003-C0101,荷斯坦,3,牛舍D,3
642,F003-C0102,荷斯坦,3,牛舍D,3
643,F003-C0103,荷斯坦,2,牛舍C,3
644,F003-C0104,荷斯坦,2,牛舍A,3
645,F003-C0105,娟姗,2,牛舍C,3
646,F003-C0106,荷斯坦,2,牛舍E,3
647,F003-C0107,荷斯坦,1,牛舍C,3
648,F003-C0108,娟姗,3,牛舍D,3
649,F003-C0109,荷斯坦,2,牛舍D,3
650,F003-C0110,西门塔尔,2,牛舍F,3
651,F003-C0111,荷斯坦,3,牛舍D,3
652,F003-C0112,荷斯坦,2,牛舍B,3
653,F003-C0113,西门塔尔,1,牛舍F,3
654,F003-C0114,荷斯坦,4,牛舍E,3
655,F003-C0115,娟姗,2,牛舍A,3
656,F003-C0116,荷斯坦,3,牛舍D,3
657,F003-C0117,西门塔尔,1,牛舍F,3
658,F003-C0118,荷斯坦,2,牛舍C,3
659,F003-C0119,荷斯坦,3,牛舍E,3
660,F003-C0120,荷斯坦,1,牛舍E,3
661,F003-C0121,荷斯坦,1,牛舍F,3
662,F003-C0122,荷斯坦,2,牛舍E,3
663,F003-C0123,荷斯坦,2,牛舍B,3
664,F003-C0124,娟姗,2,牛舍B,3
665,F003-C0125,荷斯坦,1,牛舍C,3
666,F003-C0126,西门塔尔,1,牛舍D,3
667,F003-C0127,荷斯坦,4,牛舍B,3
668,F003-C0128,荷斯坦,4,牛舍F,3
669,F003-C0129,荷斯坦,1,牛舍D,3
670,F003-C0130,荷斯坦,2,牛舍F,3
671,F003-C0131,西门塔尔,1,牛舍D,3
672,F003-C0132,西门塔尔,3,牛舍A,3
673,F003-C0133,娟姗,1,牛舍F,3
674,F003-C0134,荷斯坦,1,牛舍A,3
675,F003-C0135,娟姗,4,牛舍E,3
676,F003-C0136,荷斯坦,4,牛舍C,3
677,F003-C0137,娟姗,3,牛舍F,3
678,F003-C0138,荷斯坦,1,牛舍B,3
679,F003-C0139,荷斯坦,4,牛舍D,3
680,F003-C0140,娟姗,2,牛舍F,3
681,F003-C0141,西门塔尔,3,牛舍A,3
682,F003-C0142,西门塔尔,2,牛舍A,3
683,F003-C0143,荷斯坦,1,牛舍E,3
684,F003-C0144,荷斯坦,3,牛舍C,3
685,F003-C0145,荷斯坦,3,牛舍D,3
686,F003-C0146,荷斯坦,2,牛舍D,3
687,F003-C0147,荷斯坦,3,牛舍D,3
688,F003-C0148,西门塔尔,2,牛舍B,3
689,F003-C0149,荷斯坦,2,牛舍D,3
690,F003-C0150,西门塔尔,1,牛舍D,3
691,F003-C0151,荷斯坦,1,牛舍C,3
692,F003-C0152,荷斯坦,2,牛舍B,3
693,F003-C0153,荷斯坦,2,牛舍E,3
694,F003-C0154,荷斯坦,1,牛舍C,3
695,F003-C0155,荷斯坦,3,牛舍C,3
696,F003-C0156,荷斯坦,2,牛舍D,3
697,F003-C0157,荷斯坦,4,牛舍B,3
698,F003-C0158,荷斯坦,3,牛舍B,3
699,F003-C0159,荷斯坦,2,牛舍B,3
700,F003-C0160,荷斯坦,2,牛舍C,3
701,F003-C0161,西门塔尔,2,牛舍B,3
702,F003-C0162,荷斯坦,3,牛舍B,3
703,F003-C0163,荷斯坦,2,牛舍D,3
704,F003-C0164,西门塔尔,2,牛舍C,3
705,F003-C0165,荷斯坦,4,牛舍F,3
706,F003-C0166,荷斯坦,2,牛舍F,3
707,F003-C0167,荷斯坦,1,牛舍D,3
708,F003-C0168,荷斯坦,3,牛舍D,3
709,F003-C0169,西门塔尔,2,牛舍C,3
710,F003-C0170,西门塔尔,2,牛舍E,3
711,F003-C0171,荷斯坦,2,牛舍F,3
712,F003-C0172,荷斯坦,4,牛舍D,3
713,F003-C0173,荷斯坦,3,牛舍F,3
714,F003-C0174,西门塔尔,3,牛舍D,3
715,F003-C0175,荷斯坦,3,牛舍B,3
716,F003-C0176,荷斯坦,3,牛舍D,3
717,F003-C0177,荷斯坦,3,牛舍E,3
718,F003-C0178,荷斯坦,4,牛舍F,3
719,F003-C0179,荷斯坦,3,牛舍C,3
720,F003-C0180,娟姗,2,牛舍F,3
721,F003-C0181,荷斯坦,1,牛舍F,3
722,F003-C0182,荷斯坦,3,牛舍E,3
723,F003-C0183,荷斯坦,2,牛舍C,3
724,F003-C0184,荷斯坦,1,牛舍C,3
725,F003-C0185,荷斯坦,2,牛舍E,3
726,F003-C0186,荷斯坦,2,牛舍D,3
727,F003-C0187,西门塔尔,3,牛舍E,3
728,F003-C0188,荷斯坦,1,牛舍A,3
729,F003-C0189,荷斯坦,4,牛舍A,3
730,F003-C0190,娟姗,1,牛舍C,3
731,F003-C0191,荷斯坦,1,牛舍D,3
732,F003-C0192,荷斯坦,2,牛舍F,3
733,F003-C0193,荷斯坦,2,牛舍F,3
734,F003-C0194,荷斯坦,2,牛舍A,3
735,F003-C0195,西门塔尔,4,牛舍F,3
736,F003-C0196,荷斯坦,2,牛舍C,3
737,F003-C0197,荷斯坦,2,牛舍D,3
738,F003-C0198,荷斯坦,3,牛舍D,3
739,F003-C0199,荷斯坦,3,牛舍B,3
740,F003-C0200,荷斯坦,2,牛舍F,3
741,F004-C0001,荷斯坦,3,牛舍A,4
742,F004-C0002,荷斯坦,4,牛舍B,4
743,F004-C0003,荷斯坦,2,牛舍C,4
744,F004-C0004,娟姗,2,牛舍F,4
745,F004-C0005,荷斯坦,3,牛舍E,4
746,F004-C0006,荷斯坦,4,牛舍E,4
747,F004-C0007,西门塔尔,3,牛舍C,4
748,F004-C0008,荷斯坦,3,牛舍C,4
749,F004-C0009,荷斯坦,1,牛舍C,4
750,F004-C0010,荷斯坦,2,牛舍E,4
751,F004-C0011,荷斯坦,2,牛舍D,4
752,F004-C0012,荷斯坦,4,牛舍B,4
753,F004-C0013,荷斯坦,2,牛舍B,4
754,F004-C0014,西门塔尔,3,牛舍C,4
755,F004-C0015,荷斯坦,1,牛舍D,4
756,F004-C0016,荷斯坦,2,牛舍F,4
757,F004-C0017,荷斯坦,4,牛舍D,4
758,F004-C0018,荷斯坦,1,牛舍B,4
759,F004-C0019,荷斯坦,1,牛舍C,4
760,F004-C0020,西门塔尔,3,牛舍D,4
761,F004-C0021,荷斯坦,3,牛舍C,4
762,F004-C0022,荷斯坦,4,牛舍E,4
763,F004-C0023,西门塔尔,3,牛舍D,4
764,F004-C0024,荷斯坦,2,牛舍F,4
765,F004-C0025,荷斯坦,1,牛舍A,4
766,F004-C0026,荷斯坦,4,牛舍A,4
767,F004-C0027,娟姗,1,牛舍B,4
768,F004-C0028,西门塔尔,3,牛舍C,4
769,F004-C0029,西门塔尔,3,牛舍B,4
770,F004-C0030,荷斯坦,1,牛舍B,4
771,F004-C0031,荷斯坦,2,牛舍C,4
772,F004-C0032,荷斯坦,2,牛舍F,4
773,F004-C0033,荷斯坦,2,牛舍E,4
774,F004-C0034,西门塔尔,1,牛舍D,4
775,F004-C0035,娟姗,4,牛舍B,4
776,F004-C0036,娟姗,1,牛舍F,4
777,F004-C0037,西门塔尔,3,牛舍F,4
778,F004-C0038,荷斯坦,3,牛舍C,4
779,F004-C0039,荷斯坦,2,牛舍F,4
780,F004-C0040,娟姗,1,牛舍E,4
781,F004-C0041,荷斯坦,4,牛舍C,4
782,F004-C0042,娟姗,2,牛舍A,4
783,F004-C0043,西门塔尔,3,牛舍F,4
784,F004-C0044,荷斯坦,3,牛舍A,4
785,F004-C0045,荷斯坦,1,牛舍D,4
786,F004-C0046,荷斯坦,2,牛舍C,4
787,F004-C0047,荷斯坦,1,牛舍D,4
788,F004-C0048,荷斯坦,3,牛舍A,4
789,F004-C0049,荷斯坦,3,牛舍D,4
790,F004-C0050,荷斯坦,4,牛舍D,4
791,F004-C0051,荷斯坦,4,牛舍B,4
792,F004-C0052,娟姗,4,牛舍C,4
793,F004-C0053,娟姗,4,牛舍A,4
794,F004-C0054,荷斯坦,1,牛舍F,4
795,F004-C0055,荷斯坦,2,牛舍C,4
796,F004-C0056,荷斯坦,1,牛舍F,4
797,F004-C0057,西门塔尔,1,牛舍D,4
798,F004-C0058,荷斯坦,1,牛舍F,4
799,F004-C0059,荷斯坦,3,牛舍A,4
800,F004-C0060,荷斯坦,1,牛舍A,4
801,F004-C0061,荷斯坦,3,牛舍A,4
802,F004-C0062,荷斯坦,4,牛舍B,4
803,F004-C0063,西门塔尔,3,牛舍B,4
804,F004-C0064,娟姗,1,牛舍E,4
805,F004-C0065,荷斯坦,3,牛舍D,4
806,F004-C0066,西门塔尔,3,牛舍B,4
807,F004-C0067,荷斯坦,2,牛舍B,4
808,F004-C0068,娟姗,1,牛舍A,4
809,F004-C0069,西门塔尔,2,牛舍D,4
810,F004-C0070,西门塔尔,1,牛舍F,4
811,F004-C0071,荷斯坦,3,牛舍F,4
812,F004-C0072,荷斯坦,4,牛舍A,4
813,F004-C0073,西门塔尔,4,牛舍B,4
814,F004-C0074,荷斯坦,1,牛舍D,4
815,F004-C0075,荷斯坦,3,牛舍B,4
816,F004-C0076,荷斯坦,1,牛舍F,4
817,F004-C0077,荷斯坦,4,牛舍A,4
818,F004-C0078,娟姗,1,牛舍E,4
819,F004-C0079,荷斯坦,3,牛舍D,4
820,F004-C0080,荷斯坦,3,牛舍A,4
821,F004-C0081,荷斯坦,4,牛舍D,4
822,F004-C0082,荷斯坦,3,牛舍D,4
823,F004-C0083,西门塔尔,1,牛舍E,4
824,F004-C0084,荷斯坦,2,牛舍C,4
825,F004-C0085,荷斯坦,1,牛舍B,4
826,F004-C0086,荷斯坦,3,牛舍F,4
827,F004-C0087,荷斯坦,2,牛舍D,4
828,F004-C0088,娟姗,1,牛舍B,4
829,F004-C0089,娟姗,1,牛舍E,4
830,F004-C0090,荷斯坦,3,牛舍F,4
831,F004-C0091,荷斯坦,1,牛舍B,4
832,F004-C0092,荷斯坦,2,牛舍C,4
833,F004-C0093,荷斯坦,4,牛舍C,4
834,F004-C0094,荷斯坦,3,牛舍C,4
835,F004-C0095,娟姗,3,牛舍A,4
836,F004-C0096,西门塔尔,2,牛舍A,4
837,F004-C0097,西门塔尔,3,牛舍A,4
838,F004-C0098,荷斯坦,2,牛舍D,4
839,F004-C0099,荷斯坦,2,牛舍C,4
840,F004-C0100,荷斯坦,3,牛舍F,4
841,F004-C0101,荷斯坦,2,牛舍A,4
842,F004-C0102,娟姗,1,牛舍D,4
843,F004-C0103,荷斯坦,1,牛舍A,4
844,F004-C0104,西门塔尔,3,牛舍F,4
845,F004-C0105,荷斯坦,1,牛舍F,4
846,F004-C0106,荷斯坦,1,牛舍C,4
847,F004-C0107,荷斯坦,4,牛舍B,4
848,F004-C0108,西门塔尔,4,牛舍D,4
849,F004-C0109,娟姗,4,牛舍C,4
850,F004-C0110,荷斯坦,2,牛舍C,4
851,F004-C0111,荷斯坦,3,牛舍F,4
852,F004-C0112,荷斯坦,2,牛舍D,4
853,F004-C0113,西门塔尔,3,牛舍E,4
854,F004-C0114,西门塔尔,1,牛舍D,4
855,F004-C0115,荷斯坦,2,牛舍F,4
856,F004-C0116,娟姗,1,牛舍F,4
857,F004-C0117,西门塔尔,3,牛舍A,4
858,F004-C0118,荷斯坦,1,牛舍D,4
859,F004-C0119,娟姗,1,牛舍C,4
860,F004-C0120,荷斯坦,1,牛舍E,4
861,F004-C0121,西门塔尔,2,牛舍F,4
862,F004-C0122,荷斯坦,2,牛舍F,4
863,F004-C0123,荷斯坦,3,牛舍A,4
864,F004-C0124,荷斯坦,1,牛舍C,4
865,F004-C0125,西门塔尔,4,牛舍D,4
866,F004-C0126,西门塔尔,2,牛舍D,4
867,F004-C0127,荷斯坦,4,牛舍B,4
868,F004-C0128,西门塔尔,1,牛舍A,4
869,F004-C0129,荷斯坦,2,牛舍A,4
870,F004-C0130,荷斯坦,3,牛舍D,4
871,F004-C0131,荷斯坦,4,牛舍A,4
872,F004-C0132,西门塔尔,2,牛舍F,4
873,F004-C0133,荷斯坦,1,牛舍C,4
874,F004-C0134,荷斯坦,1,牛舍C,4
875,F004-C0135,荷斯坦,3,牛舍C,4
876,F004-C0136,娟姗,1,牛舍D,4
877,F004-C0137,荷斯坦,3,牛舍B,4
878,F004-C0138,荷斯坦,4,牛舍B,4
879,F004-C0139,荷斯坦,4,牛舍B,4
880,F004-C0140,荷斯坦,2,牛舍F,4
881,F004-C0141,娟姗,1,牛舍E,4
882,F004-C0142,娟姗,1,牛舍A,4
883,F004-C0143,娟姗,2,牛舍B,4
884,F004-C0144,娟姗,4,牛舍C,4
885,F004-C0145,荷斯坦,2,牛舍B,4
886,F004-C0146,荷斯坦,3,牛舍D,4
887,F004-C0147,荷斯坦,2,牛舍C,4
888,F004-C0148,娟姗,2,牛舍D,4
889,F004-C0149,荷斯坦,3,牛舍B,4
890,F004-C0150,荷斯坦,2,牛舍E,4
891,F004-C0151,荷斯坦,2,牛舍B,4
892,F004-C0152,荷斯坦,4,牛舍E,4
893,F004-C0153,荷斯坦,4,牛舍A,4
894,F004-C0154,西门塔尔,2,牛舍E,4
895,F004-C0155,荷斯坦,4,牛舍E,4
896,F004-C0156,荷斯坦,1,牛舍C,4
897,F004-C0157,荷斯坦,4,牛舍C,4
898,F004-C0158,西门塔尔,2,牛舍C,4
899,F004-C0159,荷斯坦,1,牛舍B,4
900,F004-C0160,荷斯坦,1,牛舍E,4
901,F004-C0161,西门塔尔,3,牛舍B,4
902,F004-C0162,西门塔尔,3,牛舍C,4
903,F004-C0163,娟姗,1,牛舍B,4
904,F004-C0164,荷斯坦,3,牛舍C,4
905,F004-C0165,荷斯坦,3,牛舍E,4
906,F004-C0166,荷斯坦,4,牛舍D,4
907,F004-C0167,荷斯坦,2,牛舍A,4
908,F004-C0168,荷斯坦,1,牛舍E,4
909,F004-C0169,荷斯坦,4,牛舍B,4
910,F004-C0170,荷斯坦,3,牛舍C,4
911,F004-C0171,荷斯坦,3,牛舍B,4
912,F004-C0172,荷斯坦,2,牛舍C,4
913,F004-C0173,荷斯坦,4,牛舍D,4
914,F004-C0174,荷斯坦,2,牛舍B,4
915,F004-C0175,西门塔尔,2,牛舍F,4
916,F004-C0176,荷斯坦,1,牛舍E,4
917,F004-C0177,娟姗,3,牛舍C,4
918,F004-C0178,荷斯坦,4,牛舍D,4
919,F004-C0179,西门塔尔,2,牛舍B,4
920,F004-C0180,荷斯坦,3,牛舍E,4
921,F005-C0001,西门塔尔,3,牛舍E,5
922,F005-C0002,荷斯坦,2,牛舍E,5
923,F005-C0003,荷斯坦,1,牛舍D,5
924,F005-C0004,荷斯坦,1,牛舍C,5
925,F005-C0005,荷斯坦,4,牛舍A,5
926,F005-C0006,西门塔尔,3,牛舍C,5
927,F005-C0007,荷斯坦,1,牛舍F,5
928,F005-C0008,荷斯坦,3,牛舍F,5
929,F005-C0009,荷斯坦,2,牛舍D,5
930,F005-C0010,娟姗,2,牛舍D,5
931,F005-C0011,荷斯坦,1,牛舍D,5
932,F005-C0012,娟姗,3,牛舍F,5
933,F005-C0013,荷斯坦,1,牛舍A,5
934,F005-C0014,荷斯坦,2,牛舍A,5
935,F005-C0015,荷斯坦,4,牛舍B,5
936,F005-C0016,荷斯坦,4,牛舍A,5
937,F005-C0017,荷斯坦,3,牛舍D,5
938,F005-C0018,荷斯坦,4,牛舍B,5
939,F005-C0019,娟姗,1,牛舍A,5
940,F005-C0020,荷斯坦,1,牛舍F,5
941,F005-C0021,西门塔尔,3,牛舍C,5
942,F005-C0022,荷斯坦,1,牛舍A,5
943,F005-C0023,荷斯坦,4,牛舍B,5
944,F005-C0024,荷斯坦,2,牛舍C,5
945,F005-C0025,荷斯坦,3,牛舍B,5
946,F005-C0026,荷斯坦,1,牛舍C,5
947,F005-C0027,荷斯坦,1,牛舍D,5
948,F005-C0028,荷斯坦,3,牛舍A,5
949,F005-C0029,荷斯坦,1,牛舍D,5
950,F005-C0030,荷斯坦,1,牛舍D,5
951,F005-C0031,荷斯坦,4,牛舍E,5
952,F005-C0032,荷斯坦,3,牛舍A,5
953,F005-C0033,荷斯坦,4,牛舍D,5
954,F005-C0034,荷斯坦,2,牛舍D,5
955,F005-C0035,荷斯坦,4,牛舍F,5
956,F005-C0036,娟姗,3,牛舍B,5
957,F005-C0037,荷斯坦,2,牛舍F,5
958,F005-C0038,荷斯坦,4,牛舍E,5
959,F005-C0039,娟姗,1,牛舍D,5
960,F005-C0040,娟姗,1,牛舍B,5
961,F005-C0041,荷斯坦,1,牛舍A,5
962,F005-C0042,荷斯坦,4,牛舍F,5
963,F005-C0043,西门塔尔,1,牛舍F,5
964,F005-C0044,荷斯坦,2,牛舍D,5
965,F005-C0045,荷斯坦,2,牛舍D,5
966,F005-C0046,荷斯坦,3,牛舍E,5
967,F005-C0047,西门塔尔,1,牛舍B,5
968,F005-C0048,荷斯坦,3,牛舍A,5
969,F005-C0049,荷斯坦,1,牛舍C,5
970,F005-C0050,荷斯坦,2,牛舍D,5
971,F005-C0051,荷斯坦,2,牛舍E,5
972,F005-C0052,荷斯坦,2,牛舍B,5
973,F005-C0053,荷斯坦,3,牛舍A,5
974,F005-C0054,娟姗,2,牛舍B,5
975,F005-C0055,西门塔尔,4,牛舍C,5
976,F005-C0056,荷斯坦,3,牛舍C,5
977,F005-C0057,西门塔尔,4,牛舍F,5
978,F005-C0058,娟姗,1,牛舍C,5
979,F005-C0059,荷斯坦,4,牛舍C,5
980,F005-C0060,荷斯坦,3,牛舍B,5
981,F005-C0061,荷斯坦,4,牛舍F,5
982,F005-C0062,西门塔尔,4,牛舍A,5
983,F005-C0063,西门塔尔,1,牛舍F,5
984,F005-C0064,荷斯坦,3,牛舍E,5
985,F005-C0065,荷斯坦,1,牛舍B,5
986,F005-C0066,荷斯坦,1,牛舍A,5
987,F005-C0067,西门塔尔,2,牛舍D,5
988,F005-C0068,荷斯坦,4,牛舍F,5
989,F005-C0069,荷斯坦,2,牛舍D,5
990,F005-C0070,娟姗,2,牛舍E,5
991,F005-C0071,荷斯坦,4,牛舍C,5
992,F005-C0072,西门塔尔,1,牛舍A,5
993,F005-C0073,荷斯坦,4,牛舍B,5
994,F005-C0074,荷斯坦,1,牛舍B,5
995,F005-C0075,荷斯坦,2,牛舍F,5
996,F005-C0076,荷斯坦,1,牛舍B,5
997,F005-C0077,西门塔尔,1,牛舍E,5
998,F005-C0078,娟姗,3,牛舍F,5
999,F005-C0079,荷斯坦,4,牛舍C,5
1000,F005-C0080,荷斯坦,2,牛舍F,5
1001,F005-C0081,西门塔尔,2,牛舍A,5
1002,F005-C0082,荷斯坦,3,牛舍C,5
1003,F005-C0083,荷斯坦,3,牛舍C,5
1004,F005-C0084,荷斯坦,1,牛舍C,5
1005,F005-C0085,荷斯坦,2,牛舍F,5
1006,F005-C0086,娟姗,3,牛舍B,5
1007,F005-C0087,荷斯坦,1,牛舍A,5
1008,F005-C0088,西门塔尔,4,牛舍D,5
1009,F005-C0089,荷斯坦,1,牛舍A,5
1010,F005-C0090,荷斯坦,2,牛舍D,5
1011,F005-C0091,荷斯坦,1,牛舍F,5
1012,F005-C0092,西门塔尔,2,牛舍F,5
1013,F005-C0093,荷斯坦,3,牛舍D,5
1014,F005-C0094,荷斯坦,2,牛舍B,5
1015,F005-C0095,荷斯坦,2,牛舍C,5
1016,F005-C0096,荷斯坦,3,牛舍F,5
1017,F005-C0097,荷斯坦,4,牛舍F,5
1018,F005-C0098,荷斯坦,1,牛舍B,5
1019,F005-C0099,娟姗,2,牛舍C,5
1020,F005-C0100,荷斯坦,2,牛舍A,5
1021,F005-C0101,荷斯坦,3,牛舍E,5
1022,F005-C0102,荷斯坦,4,牛舍E,5
1023,F005-C0103,娟姗,2,牛舍C,5
1024,F005-C0104,荷斯坦,4,牛舍B,5
1025,F005-C0105,荷斯坦,4,牛舍D,5
1026,F005-C0106,荷斯坦,3,牛舍A,5
1027,F005-C0107,荷斯坦,4,牛舍C,5
1028,F005-C0108,荷斯坦,2,牛舍B,5
1029,F005-C0109,西门塔尔,3,牛舍B,5
1030,F005-C0110,西门塔尔,3,牛舍B,5
1031,F005-C0111,荷斯坦,2,牛舍D,5
1032,F005-C0112,荷斯坦,1,牛舍B,5
1033,F005-C0113,荷斯坦,1,牛舍C,5
1034,F005-C0114,西门塔尔,1,牛舍F,5
1035,F005-C0115,荷斯坦,1,牛舍F,5
1036,F005-C0116,荷斯坦,1,牛舍E,5
1037,F005-C0117,荷斯坦,1,牛舍A,5
1038,F005-C0118,娟姗,2,牛舍E,5
1039,F005-C0119,荷斯坦,2,牛舍F,5
1040,F005-C0120,荷斯坦,4,牛舍C,5
1041,F005-C0121,荷斯坦,4,牛舍D,5
1042,F005-C0122,荷斯坦,3,牛舍B,5
1043,F005-C0123,西门塔尔,3,牛舍B,5
1044,F005-C0124,荷斯坦,3,牛舍A,5
1045,F005-C0125,娟姗,1,牛舍E,5
1046,F005-C0126,荷斯坦,4,牛舍F,5
1047,F005-C0127,荷斯坦,1,牛舍F,5
1048,F005-C0128,荷斯坦,2,牛舍E,5
1049,F005-C0129,荷斯坦,1,牛舍F,5
1050,F005-C0130,荷斯坦,2,牛舍F,5
1051,F005-C0131,荷斯坦,2,牛舍E,5
1052,F005-C0132,荷斯坦,4,牛舍A,5
1053,F005-C0133,西门塔尔,1,牛舍A,5
1054,F005-C0134,荷斯坦,1,牛舍B,5
1055,F005-C0135,荷斯坦,2,牛舍B,5
1056,F005-C0136,西门塔尔,2,牛舍A,5
1057,F005-C0137,荷斯坦,1,牛舍D,5
1058,F005-C0138,荷斯坦,1,牛舍A,5
1059,F005-C0139,西门塔尔,3,牛舍B,5
1060,F005-C0140,西门塔尔,1,牛舍F,5
1061,F005-C0141,娟姗,3,牛舍D,5
1062,F005-C0142,荷斯坦,1,牛舍B,5
1063,F005-C0143,荷斯坦,2,牛舍F,5
1064,F005-C0144,荷斯坦,1,牛舍A,5
1065,F005-C0145,西门塔尔,3,牛舍B,5
1066,F005-C0146,荷斯坦,2,牛舍E,5
1067,F005-C0147,娟姗,1,牛舍C,5
1068,F005-C0148,荷斯坦,2,牛舍D,5
1069,F005-C0149,西门塔尔,3,牛舍D,5
1070,F005-C0150,荷斯坦,4,牛舍B,5
1071,F005-C0151,荷斯坦,3,牛舍B,5
1072,F005-C0152,荷斯坦,3,牛舍E,5
1073,F005-C0153,荷斯坦,3,牛舍C,5
1074,F005-C0154,荷斯坦,3,牛舍F,5
1075,F005-C0155,荷斯坦,2,牛舍D,5
1076,F005-C0156,荷斯坦,2,牛舍C,5
1077,F005-C0157,西门塔尔,3,牛舍F,5
1078,F005-C0158,西门塔尔,1,牛舍F,5
1079,F005-C0159,荷斯坦,2,牛舍F,5
1080,F005-C0160,荷斯坦,3,牛舍B,5
1081,F005-C0161,荷斯坦,3,牛舍D,5
1082,F005-C0162,西门塔尔,2,牛舍E,5
1083,F005-C0163,荷斯坦,4,牛舍E,5
1084,F005-C0164,荷斯坦,2,牛舍B,5
1085,F005-C0165,西门塔尔,2,牛舍C,5
1086,F005-C0166,荷斯坦,1,牛舍F,5
1087,F005-C0167,荷斯坦,1,牛舍D,5
1088,F005-C0168,西门塔尔,2,牛舍D,5
1089,F005-C0169,荷斯坦,4,牛舍F,5
1090,F005-C0170,荷斯坦,2,牛舍A,5
1091,F006-C0001,荷斯坦,4,牛舍E,6
1092,F006-C0002,荷斯坦,4,牛舍E,6
1093,F006-C0003,荷斯坦,2,牛舍C,6
1094,F006-C0004,西门塔尔,4,牛舍D,6
1095,F006-C0005,荷斯坦,3,牛舍D,6
1096,F006-C0006,荷斯坦,3,牛舍A,6
1097,F006-C0007,西门塔尔,1,牛舍C,6
1098,F006-C0008,西门塔尔,4,牛舍C,6
1099,F006-C0009,荷斯坦,3,牛舍A,6
1100,F006-C0010,荷斯坦,4,牛舍F,6
1101,F006-C0011,荷斯坦,1,牛舍B,6
1102,F006-C0012,荷斯坦,4,牛舍B,6
1103,F006-C0013,西门塔尔,1,牛舍C,6
1104,F006-C0014,西门塔尔,1,牛舍F,6
1105,F006-C0015,荷斯坦,1,牛舍D,6
1106,F006-C0016,荷斯坦,4,牛舍B,6
1107,F006-C0017,荷斯坦,3,牛舍E,6
1108,F006-C0018,西门塔尔,2,牛舍E,6
1109,F006-C0019,娟姗,1,牛舍E,6
1110,F006-C0020,西门塔尔,1,牛舍D,6
1111,F006-C0021,荷斯坦,4,牛舍E,6
1112,F006-C0022,荷斯坦,3,牛舍F,6
1113,F006-C0023,荷斯坦,2,牛舍C,6
1114,F006-C0024,荷斯坦,1,牛舍D,6
1115,F006-C0025,西门塔尔,3,牛舍C,6
1116,F006-C0026,西门塔尔,4,牛舍F,6
1117,F006-C0027,娟姗,3,牛舍B,6
1118,F006-C0028,荷斯坦,2,牛舍C,6
1119,F006-C0029,荷斯坦,3,牛舍B,6
1120,F006-C0030,荷斯坦,3,牛舍F,6
1121,F006-C0031,西门塔尔,3,牛舍E,6
1122,F006-C0032,娟姗,3,牛舍F,6
1123,F006-C0033,娟姗,2,牛舍D,6
1124,F006-C0034,荷斯坦,1,牛舍D,6
1125,F006-C0035,荷斯坦,1,牛舍C,6
1126,F006-C0036,西门塔尔,4,牛舍F,6
1127,F006-C0037,荷斯坦,1,牛舍C,6
1128,F006-C0038,西门塔尔,1,牛舍D,6
1129,F006-C0039,荷斯坦,3,牛舍E,6
1130,F006-C0040,荷斯坦,3,牛舍D,6
1131,F006-C0041,荷斯坦,3,牛舍F,6
1132,F006-C0042,荷斯坦,1,牛舍D,6
1133,F006-C0043,荷斯坦,3,牛舍F,6
1134,F006-C0044,娟姗,1,牛舍F,6
1135,F006-C0045,荷斯坦,4,牛舍D,6
1136,F006-C0046,荷斯坦,3,牛舍F,6
1137,F006-C0047,荷斯坦,3,牛舍F,6
1138,F006-C0048,荷斯坦,3,牛舍B,6
1139,F006-C0049,荷斯坦,4,牛舍A,6
1140,F006-C0050,娟姗,3,牛舍A,6
1141,F006-C0051,荷斯坦,2,牛舍C,6
1142,F006-C0052,荷斯坦,4,牛舍A,6
1143,F006-C0053,荷斯坦,4,牛舍A,6
1144,F006-C0054,娟姗,3,牛舍F,6
1145,F006-C0055,西门塔尔,2,牛舍E,6
1146,F006-C0056,荷斯坦,3,牛舍C,6
1147,F006-C0057,荷斯坦,1,牛舍A,6
1148,F006-C0058,荷斯坦,2,牛舍E,6
1149,F006-C0059,荷斯坦,1,牛舍B,6
1150,F006-C0060,荷斯坦,2,牛舍B,6
1151,F006-C0061,荷斯坦,2,牛舍E,6
1152,F006-C0062,西门塔尔,3,牛舍A,6
1153,F006-C0063,荷斯坦,1,牛舍F,6
1154,F006-C0064,娟姗,1,牛舍A,6
1155,F006-C0065,娟姗,2,牛舍A,6
1156,F006-C0066,荷斯坦,3,牛舍A,6
1157,F006-C0067,西门塔尔,2,牛舍E,6
1158,F006-C0068,荷斯坦,2,牛舍F,6
1159,F006-C0069,荷斯坦,1,牛舍A,6
1160,F006-C0070,娟姗,3,牛舍E,6
1161,F006-C0071,荷斯坦,1,牛舍F,6
1162,F006-C0072,荷斯坦,3,牛舍A,6
1163,F006-C0073,荷斯坦,3,牛舍F,6
1164,F006-C0074,荷斯坦,4,牛舍A,6
1165,F006-C0075,荷斯坦,1,牛舍F,6
1166,F006-C0076,荷斯坦,1,牛舍B,6
1167,F006-C0077,荷斯坦,1,牛舍B,6
1168,F006-C0078,荷斯坦,2,牛舍D,6
1169,F006-C0079,荷斯坦,2,牛舍A,6
1170,F006-C0080,荷斯坦,3,牛舍A,6
1171,F006-C0081,西门塔尔,1,牛舍A,6
1172,F006-C0082,娟姗,1,牛舍F,6
1173,F006-C0083,荷斯坦,2,牛舍D,6
1174,F006-C0084,荷斯坦,3,牛舍D,6
1175,F006-C0085,荷斯坦,1,牛舍D,6
1176,F006-C0086,西门塔尔,2,牛舍F,6
1177,F006-C0087,荷斯坦,4,牛舍F,6
1178,F006-C0088,荷斯坦,4,牛舍E,6
1179,F006-C0089,荷斯坦,1,牛舍A,6
1180,F006-C0090,荷斯坦,2,牛舍A,6
1181,F006-C0091,荷斯坦,3,牛舍F,6
1182,F006-C0092,荷斯坦,4,牛舍E,6
1183,F006-C0093,荷斯坦,1,牛舍C,6
1184,F006-C0094,荷斯坦,3,牛舍E,6
1185,F006-C0095,荷斯坦,3,牛舍E,6
1186,F006-C0096,荷斯坦,1,牛舍F,6
1187,F006-C0097,荷斯坦,1,牛舍E,6
1188,F006-C0098,娟姗,2,牛舍F,6
1189,F006-C0099,荷斯坦,2,牛舍A,6
1190,F006-C0100,荷斯坦,2,牛舍E,6
1191,F006-C0101,荷斯坦,3,牛舍E,6
1192,F006-C0102,荷斯坦,2,牛舍D,6
1193,F006-C0103,荷斯坦,1,牛舍B,6
1194,F006-C0104,西门塔尔,2,牛舍C,6
1195,F006-C0105,荷斯坦,2,牛舍D,6
1196,F006-C0106,荷斯坦,3,牛舍D,6
1197,F006-C0107,荷斯坦,3,牛舍A,6
1198,F006-C0108,荷斯坦,4,牛舍E,6
1199,F006-C0109,荷斯坦,4,牛舍A,6
1200,F006-C0110,荷斯坦,1,牛舍E,6
